ticker,date
ABBOTINDIA.NS,12-06-2026
ADANIENSOL.NS,12-06-2026
ADANIENT.NS,12-06-2026
ADANIGREEN.NS,12-06-2026
ADANIPOWER.NS,12-06-2026
ABCAPITAL.NS,12-06-2026
ABFRL.NS,12-06-2026
ABSLAMC.NS,12-06-2026
AHLUCONT.NS,12-06-2026
ALKEM.NS,12-06-2026
AMBUJACEM.NS,12-06-2026
ANGELONE.NS,12-06-2026
AONENIFTY.NS,12-06-2026
AWHCL.NS,12-06-2026
APLAPOLLO.NS,12-06-2026
APOLLOHOSP.NS,12-06-2026
APOLLOTYRE.NS,12-06-2026
ASHOKLEY.NS,12-06-2026
ASIANPAINT.NS,12-06-2026
ASTERDM.NS,12-06-2026
ATHERENERG.NS,12-06-2026
AUBANK.NS,12-06-2026
AUROPHARMA.NS,12-06-2026
AVANTIFEED.NS,12-06-2026
DMART.NS,12-06-2026
CCAVENUE.NS,12-06-2026
AXISBANK.NS,12-06-2026
AZAD.NS,12-06-2026
BAIDFIN.NS,12-06-2026
BAJAJ-AUTO.NS,12-06-2026
BAJAJCON.NS,12-06-2026
BAJAJELEC.NS,12-06-2026
BAJFINANCE.NS,12-06-2026
BAJAJFINSV.NS,12-06-2026
BAJAJHCARE.NS,12-06-2026
BAJAJHFL.NS,12-06-2026
BALKRISHNA.NS,12-06-2026
BALRAMCHIN.NS,12-06-2026
BALUFORGE.NS,12-06-2026
BANDHANBNK.NS,12-06-2026
BANKBARODA.NS,12-06-2026
MAHABANK.NS,12-06-2026
BATAINDIA.NS,12-06-2026
BEML.NS,12-06-2026
BERGEPAINT.NS,12-06-2026
BDL.NS,12-06-2026
BEL.NS,12-06-2026
BHARATFORG.NS,12-06-2026
BHARATGEAR.NS,12-06-2026
BHARTIARTL.NS,12-06-2026
BHEL.NS,12-06-2026
BIKAJI.NS,12-06-2026
BIOCON.NS,12-06-2026
BIRLACORPN.NS,12-06-2026
BLUEDART.NS,12-06-2026
BOROLTD.NS,12-06-2026
BORORENEW.NS,12-06-2026
BRITANNIA.NS,12-06-2026
BSE.NS,12-06-2026
CRAMC.NS,12-06-2026
CAPACITE.NS,12-06-2026
CARYSIL.NS,12-06-2026
CDSL.NS,12-06-2026
CEATLTD.NS,12-06-2026
CELLO.NS,12-06-2026
CENTURYPLY.NS,12-06-2026
CESC.NS,12-06-2026
CGPOWER.NS,12-06-2026
CGPOWER.NS,12-06-2026
CHOLAFIN.NS,12-06-2026
CIPLA.NS,12-06-2026
CUB.NS,12-06-2026
COALINDIA.NS,12-06-2026
COALINDIA.NS,12-06-2026
COCHINSHIP.NS,12-06-2026
COFORGE.NS,12-06-2026
CRISIL.NS,12-06-2026
CYIENT.NS,12-06-2026
DABUR.NS,12-06-2026
DATAPATTNS.NS,12-06-2026
DCBBANK.NS,12-06-2026
DBEIL.NS,12-06-2026
DEEPAKNTR.NS,12-06-2026
DELHIVERY.NS,12-06-2026
DHAMPURSUG.NS,12-06-2026
DIACABS.NS,12-06-2026
DIVISLAB.NS,12-06-2026
DIXON.NS,12-06-2026
DRREDDY.NS,12-06-2026
EMCURE.NS,12-06-2026
EQUITASBNK.NS,12-06-2026
ETERNAL.NS,12-06-2026
FEDERALBNK.NS,12-06-2026
GMRAIRPORT.NS,12-06-2026
GOLDBEES.NS,12-06-2026
GROWW.NS,12-06-2026
HCLTECH.NS,12-06-2026
HDFCBANK.NS,12-06-2026
HINDALCO.NS,12-06-2026
HAL.NS,12-06-2026
HINDUNILVR.NS,12-06-2026
HUDCO.NS,12-06-2026
ICICIBANK.NS,12-06-2026
NIF100IETF.NS,12-06-2026
NEXT50IETF.NS,12-06-2026
IDFCFIRSTB.NS,12-06-2026
IOB.NS,12-06-2026
INDIGO.NS,12-06-2026
INFY.NS,12-06-2026
INFRABEES.NS,12-06-2026
INOXWIND.NS,12-06-2026
IRCON.NS,12-06-2026
IREDA.NS,12-06-2026
IRFC.NS,12-06-2026
ITC.NS,12-06-2026
ITCHOTELS.NS,12-06-2026
JIOFIN.NS,12-06-2026
JUBLFOOD.NS,12-06-2026
JUNIORBEES.NS,12-06-2026
KOTAKBANK.NS,12-06-2026
LT.NS,12-06-2026
LIQUIDBEES.NS,12-06-2026
LIQUIDCASE.NS,12-06-2026
LLOYDSME.NS,12-06-2026
MARICO.NS,12-06-2026
MARUTI.NS,12-06-2026
MEDANTA.NS,12-06-2026
MEDIASSIST.NS,12-06-2026
MID150CASE.NS,12-06-2026
MIDCAPETF.NS,12-06-2026
MINDACORP.NS,12-06-2026
MOTHERSON.NS,12-06-2026
NATIONALUM.NS,12-06-2026
NBCC.NS,12-06-2026
NESTLEIND.NS,12-06-2026
NETWEB.NS,12-06-2026
NETWORK18.NS,12-06-2026
NIFTYBEES.NS,12-06-2026
BANKBEES.NS,12-06-2026
MID150BEES.NS,12-06-2026
PSUBNKBEES.NS,12-06-2026
PHARMABEES.NS,12-06-2026
SILVERBEES.NS,12-06-2026
NTPC.NS,12-06-2026
ONGC.NS,12-06-2026
OIL.NS,12-06-2026
PENIND.NS,12-06-2026
PHOENIXLTD.NS,12-06-2026
PIRAMALFIN.NS,12-06-2026
PFC.NS,12-06-2026
POWERGRID.NS,12-06-2026
POWERGRID.NS,12-06-2026
PRICOLLTD.NS,12-06-2026
RBLBANK.NS,12-06-2026
RELIANCE.NS,12-06-2026
RENUKA.NS,12-06-2026
SHRIRAMFIN.NS,12-06-2026
SJS.NS,12-06-2026
SOUTHBANK.NS,12-06-2026
SBIN.NS,12-06-2026
SBIN.NS,12-06-2026
SAIL.NS,12-06-2026
SUNPHARMA.NS,12-06-2026
SURYAROSNI.NS,12-06-2026
TCS.NS,12-06-2026
TMCV.NS,12-06-2026
TMPV.NS,12-06-2026
TATAPOWER.NS,12-06-2026
TATASTEEL.NS,12-06-2026
TATASTEEL.NS,12-06-2026
TECHNOE.NS,12-06-2026
PRESTIGE.NS,12-06-2026
UCOBANK.NS,12-06-2026
UJJIVANSFB.NS,12-06-2026
UJJIVANSFB.NS,12-06-2026
UDS.NS,12-06-2026
WABAG.NS,12-06-2026
VBL.NS,12-06-2026
VEDL.NS,12-06-2026
WIPRO.NS,12-06-2026
ZENSARTECH.NS,12-06-2026
TOP100CASE.NS,12-06-2026
ZYDUSLIFE.NS,12-06-2026
